Distance,Run1,Run2,Run3,Run4,Run5,Avg
4,14.300000,18.000000,19.700000,10.300000,19.600000,16.38
