Distance,Run1,Run2,Run3,Run4,Run5,Avg
2,36.600000,39.600000,35.500000,26.600000,36.400000,34.94
