Distance,Run1,Run2,Run3,Run4,Run5,Avg
6,13.800000,6.860000,11.200000,14.100000,19.300000,13.052
