Distance,Run1,Run2,Run3,Run4,Run5,Avg
5,18.600000,22.100000,20.500000,22.700000,18.200000,20.42
