Distance,Run1,Run2,Run3,Run4,Run5,Avg
8,0.635000,2.620000,2.100000,0.446000,0.390000,1.2382
